,test,val,train
0,TCGA-3C-AALI,TCGA-B6-A0IM,TCGA-E2-A1LG
1,TCGA-B6-A0IH,TCGA-BH-A0BM,TCGA-EW-A1OY
2,TCGA-E2-A1IG,TCGA-A2-A0CM,TCGA-AR-A24R
3,TCGA-AC-A23H,TCGA-BH-A0H3,TCGA-AR-A1AX
4,TCGA-A1-A0SP,TCGA-E2-A15J,TCGA-E2-A1B1
5,TCGA-E2-A1L9,TCGA-AO-A0JM,TCGA-AO-A12G
6,TCGA-BH-A18H,TCGA-OL-A66N,TCGA-OL-A66O
7,TCGA-EW-A1IY,TCGA-AR-A24L,TCGA-OL-A5RZ
8,TCGA-BH-A0H5,TCGA-A2-A0T2,TCGA-B6-A0IN
9,TCGA-E2-A15L,TCGA-A2-A04R,TCGA-BH-A0H6
10,TCGA-AQ-A7U7,TCGA-BH-A0B3,TCGA-E2-A14T
11,TCGA-AO-A129,TCGA-A2-A0CK,TCGA-EW-A1PA
12,TCGA-A8-A07W,TCGA-OL-A66J,TCGA-BH-A0HX
13,TCGA-AQ-A0Y5,TCGA-A2-A0CU,TCGA-5L-AAT1
14,TCGA-AO-A0J8,TCGA-E2-A1B5,TCGA-E2-A15M
15,TCGA-BH-A0BG,TCGA-BH-A18I,TCGA-A2-A04Y
16,TCGA-AR-A24X,TCGA-AO-A12E,TCGA-B6-A0I9
17,TCGA-BH-A0AZ,TCGA-E2-A1B6,TCGA-E2-A1IN
18,TCGA-AR-A0TR,TCGA-A1-A0SF,TCGA-A2-A0SW
19,TCGA-B6-A0WV,TCGA-EW-A1J6,TCGA-E2-A107
20,TCGA-BH-A0DI,TCGA-OL-A5D6,TCGA-A8-A08L
21,TCGA-E2-A14P,TCGA-B6-A0IE,TCGA-BH-A0DH
22,TCGA-BH-A0DK,,
23,TCGA-BH-A0B6,,
24,TCGA-EW-A1P0,,
25,TCGA-A2-A04Q,,
26,TCGA-E2-A105,,
27,TCGA-B6-A0IP,,
28,TCGA-AR-A1AQ,,
29,TCGA-BH-A0BQ,,
30,TCGA-B6-A0WW,,
31,TCGA-3C-AALK,,
32,TCGA-B6-A0RL,,
33,TCGA-BH-A0GY,,
34,TCGA-BH-A202,,
35,TCGA-OL-A66K,,
36,TCGA-A2-A04U,,
37,TCGA-B6-A0RQ,,
38,TCGA-AR-A254,,
39,TCGA-B6-A0RM,,
40,TCGA-EW-A1OZ,,
41,TCGA-E2-A15F,,
42,TCGA-A8-A06U,,
43,TCGA-E2-A1IE,,
44,TCGA-A8-A08J,,
45,TCGA-5L-AAT0,,
46,TCGA-E2-A14N,,
47,TCGA-BH-A0RX,,
48,TCGA-E2-A1II,,
49,TCGA-BH-A0H7,,
50,TCGA-A2-A0SV,,
51,TCGA-A1-A0SJ,,
52,TCGA-AO-A03U,,
53,TCGA-A1-A0SB,,
54,TCGA-E2-A14Y,,
55,TCGA-B6-A0RP,,
56,TCGA-BH-A0GZ,,
57,TCGA-B6-A0IB,,
58,TCGA-OL-A5D7,,
59,TCGA-BH-A0HA,,
60,TCGA-BH-A0DT,,
61,TCGA-BH-A0E0,,
62,TCGA-AR-A0U2,,
63,TCGA-B6-A0RH,,
64,TCGA-E2-A109,,
65,TCGA-AR-A24U,,
66,TCGA-BH-A0HY,,
67,TCGA-B6-A0WX,,
68,TCGA-BH-A0C0,,
69,TCGA-BH-A18F,,
70,TCGA-BH-A0DG,,
71,TCGA-AR-A0TZ,,
72,TCGA-AQ-A04H,,
73,TCGA-AO-A12D,,
74,TCGA-AO-A0JB,,
75,TCGA-A2-A0EW,,
76,TCGA-A2-A0YT,,
77,TCGA-E2-A14V,,
78,TCGA-A2-A04P,,
79,TCGA-OL-A6VO,,
80,TCGA-A7-A13E,,
81,TCGA-A1-A0SN,,
82,TCGA-A1-A0SI,,
83,TCGA-E2-A150,,
84,TCGA-BH-A28Q,,
85,TCGA-A2-A04X,,
86,TCGA-B6-A0I1,,
87,TCGA-B6-A0IK,,
88,TCGA-4H-AAAK,,
89,TCGA-B6-A0IG,,
90,TCGA-AO-A12F,,
91,TCGA-AR-A24W,,
92,TCGA-A2-A04W,,
93,TCGA-BH-A0DV,,
94,TCGA-EW-A2FR,,
95,TCGA-BH-A0AW,,
96,TCGA-A1-A0SD,,
97,TCGA-A2-A3XX,,
98,TCGA-AO-A03V,,
99,TCGA-AR-A2LH,,
100,TCGA-AR-A0TY,,
101,TCGA-5T-A9QA,,
102,TCGA-A8-A06X,,
103,TCGA-OL-A5RX,,
104,TCGA-AO-A0JI,,
105,TCGA-EW-A1IZ,,
106,TCGA-E2-A10F,,
107,TCGA-E2-A1IJ,,
108,TCGA-EW-A1P3,,
109,TCGA-AO-A0J9,,
110,TCGA-BH-A0BJ,,
111,TCGA-E2-A15E,,
112,TCGA-AO-A0J5,,
113,TCGA-AC-A62V,,
114,TCGA-OL-A66L,,
115,TCGA-B6-A0WS,,
116,TCGA-A2-A3XU,,
117,TCGA-AR-A1AR,,
118,TCGA-A8-A08T,,
119,TCGA-E2-A14X,,
120,TCGA-EW-A2FS,,
121,TCGA-A2-A04V,,
122,TCGA-EW-A1J2,,
123,TCGA-AR-A5QQ,,
124,TCGA-AR-A24M,,
125,TCGA-A2-A0CS,,
126,TCGA-AO-A0JF,,
127,TCGA-A2-A04N,,
128,TCGA-BH-A0EI,,
129,TCGA-B6-A0IC,,
130,TCGA-AR-A24S,,
131,TCGA-AR-A2LK,,
132,TCGA-E2-A108,,
133,TCGA-BH-A0DE,,
134,TCGA-E2-A15H,,
135,TCGA-OL-A66I,,
136,TCGA-BH-A0DZ,,
137,TCGA-OL-A5RU,,
138,TCGA-E2-A15A,,
139,TCGA-E2-A1IK,,
140,TCGA-A1-A0SK,,
141,TCGA-BH-A0E1,,
142,TCGA-OL-A5DA,,
143,TCGA-A1-A0SM,,
144,TCGA-3C-AALJ,,
145,TCGA-E2-A152,,
146,TCGA-AO-A03O,,
147,TCGA-E2-A15K,,
148,TCGA-EW-A423,,
149,TCGA-A8-A09X,,
150,TCGA-EW-A1P4,,
151,TCGA-BH-A0W5,,
152,TCGA-A1-A0SQ,,
153,TCGA-OL-A5RW,,
154,TCGA-A1-A0SE,,
155,TCGA-E2-A1L7,,
156,TCGA-OL-A5D8,,
157,TCGA-A2-A04T,,
158,TCGA-BH-A0HI,,
159,TCGA-AO-A03P,,
160,TCGA-E2-A159,,
161,TCGA-BH-A0W3,,
162,TCGA-BH-A201,,
163,TCGA-A1-A0SH,,
164,TCGA-AR-A256,,
165,TCGA-E2-A15I,,
166,TCGA-BH-A0E2,,
167,TCGA-AR-A1AN,,
168,TCGA-OL-A5RV,,
169,TCGA-B6-A0RS,,
170,TCGA-BH-A0H9,,
171,TCGA-BH-A0DX,,
172,TCGA-BH-A0E9,,
173,TCGA-E2-A14Q,,
174,TCGA-BH-A0BT,,
175,TCGA-BH-A0B5,,
